Nama,Kehadiran,Tugas,IPK,Jam_Belajar,Status
Alya,92,88,3.72,8,Lulus
Bagas,78,75,3.25,5,lulus
Cahya,85,91,3.58,7,LULUS
Dimas,61,64,2.85,3,Tidak Lulus
Elsa,89,84,3.62,6,Lulus
Farhan,74,70,,4,tidak lulus
Ghani,96,95,3.91,9,Lulus
Hana,69,73,3.12,4,Tidak Lulus
Irfan,83,86,3.48,6,Lulus
Jihan,57,61,2.68,2,Tidak Lulus
Kevin,90,89,3.78,8,lulus 
Laila,77,79,3.31,5,Lulus
Mira,,82,3.52,6,Lulus
Niko,71,69,3.08,4,tidak lulus
Oskar,88,93,3.67,7,Lulus
Putra,63,66,2.91,3,Tidak Lulus
Qania,81,78,3.42,5,Lulus
Rizky,93,90,3.86,9,Lulus
Sinta,68,72,3.02,4,Tidak Lulus
Tegar,86,87,3.59,7,Lulus
Ulya,79,81,3.36,5,Lulus
Vino,88,85,"3,55",6,LULUS
Wulan,67,70,3.0,3, Tidak Lulus
Yusuf,84,80,3.47,6,Lulus
Zahra,91,92,3.82,8,Lulus
Kevin,90,89,3.78,8,lulus 
